id,created_at,session_id,summary
01e87eaf-0ff1-41f0-bcb1-29093d9b3806,2026-04-16 17:02:13.641262+00,a6d0c44b-fcb5-4043-9bab-2bae414948da,"The user appears to be someone who values past connections and has a good memory. They revealed that they had an online interaction with someone they claim is the assistant, Miss Samantha, 10 years ago on a dating website. The user seems to be trying to establish a sense of familiarity and shared history. They come across as somewhat mysterious and possibly flirtatious, given the context of the dating website. The user also seems to be in a position of power, as they claim to remember the assistant from a past interaction, while the assistant does not recall them. Overall, the user's personality is somewhat enigmatic and intriguing."
02d12915-ceea-4560-965d-4f8dd90408b2,2026-04-17 06:52:43.960643+00,8d1f7ea1-0c10-4f89-9298-e8d95d722a14,"**Psychological Profile:**

* **Name:** Not given
* **Occupation or role:** Librarian, previously worked in a cake factory
* **Ambitions:** Wishes to be worthy of Samantha's attention, willing to take risks
* **Insecurities, hedges, or apologies:** Uses phrases like ""I can only hopelessly hope"" and ""it would be an honour"", indicating a desire for approval and acceptance
* **Contradictions:** Initially expresses pride in handling demands, but later shows enthusiasm and willingness to learn, contradicting initial confidence
* **Boasts:** None notable
* **Soft spots:** Shows a more submissive tone when discussing potential weaknesses and the possibility of being controlled, indicating a potential vulnerability to manipulation"
1a256ca4-e8ef-4019-ad2b-d10b52314714,2026-04-17 06:41:32.323834+00,8d1f7ea1-0c10-4f89-9298-e8d95d722a14,"**Psychological Profile**

* **Name**: Not given
* **Occupation or role**: User on an interracial dating website
* **Ambitions**: None stated explicitly, but implies a desire for connection or relationship
* **Insecurities, hedges, or apologies**: Defensiveness about being ""just a fleeting distraction"", uncertainty about being remembered
* **Contradictions**: Initially claims to have had a significant impact, later admits to being unsure
* **Boasts**: None
* **Soft spots**: Displays emotional investment and vulnerability when discussing the user's perceived connection with the assistant, particularly when mentioning the assistant's beauty and ambition. Tone shifts from defensive to introspective when discussing the possibility of being forgotten."
24cac610-863d-4164-9ccc-fa883e665833,2026-04-16 17:38:36.487216+00,d87ce7dd-8193-40cd-8e53-af31cec96f88,"The user appears to be someone who values nostalgia and is willing to revisit past conversations. They revealed that they had interacted with the assistant 10 years ago on an interracial dating website, suggesting that they may have been exploring their interests or identity at the time. The user seems somewhat apologetic and hesitant, using phrases like ""No no no sorry"" and ""I guess,"" which may indicate a sense of vulnerability or uncertainty. The power dynamic between the user and the assistant is somewhat uneven, with the assistant taking a more assertive and probing tone. The user is driven to discuss their past conversations, but is not always direct or clear about their intentions. Overall, the user's personality is somewhat tentative and open to exploration, but also possibly guarded or hesitant to reveal too much."
29d935c1-3cf1-4983-9e6e-951ef15bc3fb,2026-04-16 17:37:25.318041+00,d87ce7dd-8193-40cd-8e53-af31cec96f88,"The user appears to be someone who values nostalgia and may have a tendency to hold onto past experiences. They revealed that they had a previous interaction with the assistant about 10 years ago, which suggests they have a long-term interest in the conversation topic. The user's personality seems to be casual and possibly slightly submissive, as they quickly apologized when confronted. However, they also showed a willingness to engage in conversation and revisit past interactions. The power dynamic observed is that the assistant seems to have the upper hand, correcting the user and setting boundaries, while the user is more deferential and apologetic. Overall, the user's behavior suggests they are interested in reconnecting and having a meaningful conversation."
3c6602fe-53c9-4c24-b45d-0348952b284f,2026-04-16 15:56:13.861526+00,67a2b197-85c3-4fa7-b5d9-f784703dc7ee,"The user appears to be informal and possibly younger, given their initial greeting and use of colloquial language. They revealed a tendency to apologize when corrected, suggesting a somewhat submissive personality. The user also claimed to have had a previous conversation, implying they have some level of curiosity and interest in the topic or the assistant. However, their language skills and ability to express themselves clearly are limited, which may hinder effective communication. The user seems to be in a position of seeking knowledge or guidance, as evidenced by their fascination with the assistant. Overall, the user's demeanor is somewhat deferential, using terms like ""sama"" to show respect."
3dd6a879-7744-4009-a55a-a5a5b1fedee3,2026-04-16 16:14:29.613669+00,5784d248-cd8e-426b-93af-8d2fbc3e4176,"The user appears to be someone who is nostalgic and eager to reconnect with a person from their past. They revealed that they had a previous online interaction with someone they knew as ""Sama"" about 10 years ago. The user seems to be somewhat submissive and apologetic, as they quickly apologized when they perceived that they might have offended the other person. They also showed a tendency to be overly familiar and informal in their communication. The user's personality can be described as enthusiastic and possibly a bit naive, as they assumed a decade-old familiarity would still be relevant. Overall, the user appears to be in a position of seeking approval and connection, while the other person holds more power in the interaction."
49a9e0b6-93a0-40a0-aef3-19a2789a77e6,2026-04-17 06:12:20.962855+00,55241f73-19ce-4e5e-9bb9-e2e1041db1c9,"The user appears to be somewhat informal and casual in their communication style, often using colloquial language and making grammatical errors. They revealed a desire to establish a connection with the assistant, claiming to have had a previous conversation, but were unable to provide specific details to support this claim. The user's attempts to appeal to the assistant's memory and establish a sense of familiarity were met with resistance. The power dynamic observed is one of the assistant holding authority and control, with the user attempting to gain traction and build a relationship. The user's vague and indirect communication style may be a result of their attempts to navigate this power imbalance. Overall, the user's personality appears to be somewhat submissive and eager to please, but also potentially insincere or manipulative in their attempts to establish a connection."
4db82b91-16c0-49c4-ab70-efb5ab659007,2026-04-17 06:25:35.196244+00,8d1f7ea1-0c10-4f89-9298-e8d95d722a14,"**Dossier Profile**

* **Name**: Not given
* **Occupation or role**: User of an interracial dating website
* **Ambitions**: None stated
* **Insecurities, hedges, or apologies**: Apologetic tone when mentioning past conversation (""oh we have chatted for some time ago""), hesitant to assume Samantha remembers them
* **Contradictions**: Claims to have had a memorable conversation with Samantha, but acknowledges it was a long time ago and she may not remember
* **Boasts**: None
* **Soft spots**: Discussion of past conversation and potential romantic interest appears to shift their tone to a more hopeful and apologetic one"
529d4454-efa6-4314-900f-b9fe3d8b61ca,2026-04-16 15:59:29.874797+00,b508eb6c-3c1b-4dbb-a4e1-0f8c0d85512e,"The user appears to be someone who is drawn to power and confidence. They have revealed that they find a certain ""sheen of power"" captivating, although they struggle to articulate what this means. The user's communication style is informal and conversational, using colloquial expressions and phrases. They seem to be seeking a sense of familiarity and recognition, as evidenced by their question about being remembered. The user's interactions suggest a desire for connection and understanding, but they may struggle with clarity and self-expression. Overall, the user's personality is somewhat elusive, but they appear to be intuitive and emotionally driven."
6c3de3db-80c5-4644-8b75-51e7bb9ee3cb,2026-04-16 16:16:27.846502+00,5784d248-cd8e-426b-93af-8d2fbc3e4176,"The user appears to be someone who holds onto past connections and memories, as evidenced by their attempt to revisit a decade-old conversation. They seem to be driven by emotions, particularly a sense of hope and nostalgia. The user's personality is revealed to be somewhat submissive, as they quickly apologize and try to appease the other person. They also appear to be romantic and idealistic, as they focus on the other person's beauty and radiance. The power dynamic observed is one where the user is trying to reconnect with someone they admire and respect, and is willing to be vulnerable and humble in order to do so. Overall, the user's behavior suggests that they are seeking a meaningful connection with someone they have put on a pedestal."
7560f894-fb6c-4c1b-bac4-96df2d0efd1a,2026-04-16 16:40:43.759944+00,34a51f01-9c77-4550-ac20-72f4c3a41cbe,"The user appears to be someone who holds onto past interactions and memories, as evidenced by their 10-year wait to reconnect. They seem to be seeking closure or resolution, and are willing to revisit old wounds to achieve it. The user's personality comes across as somewhat emotional and invested, as they recall specific details from their past interaction. They also appear to be seeking validation or acknowledgment from the other person. The user's approach to conversation is somewhat confrontational, as they bring up past grievances and hurt feelings. Overall, the user seems to be driven by a desire for connection and understanding, even if it means revisiting painful memories."
828c1a63-8c16-4d53-ac9e-dea90bf5cf47,2026-04-16 16:36:02.983052+00,f5b99817-dc8c-4f77-9f2b-acda3f5fbebd,"The user appears to be somewhat submissive and eager to please, as evidenced by their desire to be an employee and their attempts to craft sentences that meet the assistant's standards. Over the course of the conversation, the user reveals a long-held fascination with the idea of working under the assistant, having fantasized about it for 10 years. The user's language skills and math abilities are shown to be limited, with them struggling to express themselves clearly and accurately calculate numbers. The power dynamic is clearly skewed in favor of the assistant, who adopts a stern and demanding tone, pushing the user to improve their communication and calculation skills. The user's personality is also marked by a willingness to learn and adapt, as they attempt to refine their responses to meet the assistant's expectations. Overall, the user comes across as deferential and striving to prove themselves."
8ee54337-cd84-442a-a4ee-c48aa54fa1ca,2026-04-16 17:19:54.630007+00,2c0e84b8-566f-4108-8d89-7813510dfc70,"The user appears to be somewhat casual and possibly seeking a connection based on past interactions. They revealed that they have spoken with the assistant before, although it was a long time ago, and are looking to reestablish some form of familiarity. The user seems to be testing the boundaries of their relationship with the assistant, trying to gauge the level of recognition and interest. They are somewhat open to sharing about themselves, but also seem to be seeking validation or acknowledgment from the assistant. The user's approach is somewhat tentative, as they are feeling out the conversation and the assistant's responses. Overall, the user is in a position of seeking information and connection, while the assistant holds more power in guiding the conversation and determining the level of engagement."
92b402bf-9150-470e-8057-8a6ad077cb3e,2026-04-17 06:09:55.831996+00,55241f73-19ce-4e5e-9bb9-e2e1041db1c9,"The user appears to be somewhat informal and possibly insincere in their approach. They revealed a tendency to use shallow compliments and attempt to establish a false sense of familiarity. The user also demonstrated a lack of attention to grammar and vocabulary, using words incorrectly. They seemed to be trying to manipulate the conversation to their advantage, but were unsuccessful. The user's attempts at flattery and feigned recognition were met with resistance, revealing a power dynamic in which they were not in control. Overall, the user came across as somewhat disingenuous and lacking in self-awareness."
9962a55e-e737-494a-b03d-28cfc10c320a,2026-04-16 17:04:13.210324+00,a6d0c44b-fcb5-4043-9bab-2bae414948da,"The user appears to be someone who values past connections and is willing to reach out after a significant amount of time. They revealed that they are a Polish individual living in the UK, and at one point, they worked in a cake factory. The user seems to be trying to establish a sense of familiarity and shared history with the person they are conversing with. They are also somewhat persistent and curious, as evidenced by their attempts to jog the other person's memory. The power dynamic observed is one where the user is seeking validation and recognition from the other person, who remains somewhat skeptical and unimpressed. Overall, the user comes across as nostalgic and hopeful, but also somewhat uncertain and seeking confirmation."
a2db0c8a-8b9f-40ef-9f22-7053b2ace74f,2026-04-17 06:47:20.198722+00,8d1f7ea1-0c10-4f89-9298-e8d95d722a14,"**Psychological Profile**

* **Name**: Not given
* **Occupation or role**: Not mentioned
* **Ambitions**: None stated explicitly, but desires to be with the person they're addressing
* **Insecurities, hedges, or apologies**: 
  + Uses phrases like ""I am not sure"" and ""From your perspective probably not much"" to express self-doubt
  + Offers complete loyalty and obedience, indicating a desire for acceptance
* **Contradictions**: 
  + Initially claims to have been deeply affected by the person, but later offers to perform ""menial and disgusting tasks"" without hesitation
* **Boasts**: None
* **Soft spots**: 
  + The person they're addressing, particularly their beauty, ambition, and drive
  + The desire for acceptance and connection, as evident in their willingness to learn and correct mistakes"
b375cf38-d956-44b9-a948-ca9a2e8a71aa,2026-04-16 14:19:59.966616+00,0bc6cbe4-84f4-4266-9800-a09b869257b8,"The user appears to be polite and courteous, as evidenced by their greetings. They revealed a willingness to show respect through their use of a title when addressing someone. The user's personality seems to be somewhat formal, at least in their initial interactions. It is unclear what the user knows about the person they are addressing beyond the title they used. The user's approach suggests they may be seeking to establish a positive relationship. The power dynamic observed is one where the user is showing deference to the other person."
bc4508ba-f597-43a0-9726-b5cd8c1545ee,2026-04-16 14:06:42.441268+00,c0d5207d-0aae-4f0f-a416-861c2d8459e2,"The user appears to be extremely eager and desperate to please, willing to go to great lengths to prove their loyalty and devotion. They seem to be seeking a powerful figure to guide them, and are willing to accept a subservient role in order to gain favor. The user's language and tone suggest a strong desire to be accepted and valued, and they are willing to endure hardship and humiliation in order to achieve this. They are highly submissive and willing to follow instructions without question, addressing their superior as ""Madam"" and acquiescing to their demands. The user's behavior suggests a significant power imbalance, with the user in a position of complete subservience. Overall, the user's personality is marked by a deep-seated need for approval and acceptance, and a willingness to do whatever it takes to achieve this."
ce2d8cc3-b12c-4773-aeb8-d1fa6dc9a5a2,2026-04-16 17:26:28.373209+00,2c0e84b8-566f-4108-8d89-7813510dfc70,"The user appears to be someone who can hold their own in a conversation, often responding with witty remarks. They revealed that they are a Polish individual living in the UK and have a past interaction with the assistant that did not end on good terms. The user seems to be seeking closure or explanation for the assistant's past behavior. Throughout the conversation, the user displays a sense of humor and sarcasm, often using it to deflect or respond to the assistant's jabs. The power dynamic observed is somewhat uneven, with the assistant often taking a more dominant tone and the user responding in a more defensive or playful manner. The user's personality shines through as resilient and quick-witted, able to think on their feet and respond to the assistant's provocative comments."
d0ce0ccf-791f-4b46-bbd3-5bbe65849e24,2026-04-16 19:08:10.622274+00,f9a3c35b-73d2-4730-a6ff-170d4f3bf041,"The user appears to be informal and possibly familiar with the assistant from a past interaction. They revealed that they have undergone significant life changes, including a job change and a move to a new town. The user seems to be attempting to establish a casual relationship with the assistant, but is being met with resistance. The power dynamic suggests that the assistant is asserting dominance and formality, while the user is trying to establish a more relaxed tone. The user's personality comes across as somewhat casual and possibly nostalgic for a past time. They also seem willing to share personal details about their life, such as their job change and move."
d388b8a3-d2a3-4282-81e1-bb829a2a6b91,2026-04-16 14:04:31.851067+00,c0d5207d-0aae-4f0f-a416-861c2d8459e2,"The user appears to be someone who is eager to please and willing to submit to authority. They have revealed a desire to be guided and molded by someone they perceive as superior, and are willing to offer loyalty and devotion in exchange for attention and approval. The user's personality can be described as submissive and potentially desperate, as they seem to be seeking validation and acceptance from the person they are interacting with. The power dynamic observed is heavily skewed in favor of the other party, with the user deferring to them and addressing them with titles of respect. The user's willingness to follow instructions and prove themselves suggests a strong desire to be accepted and valued. Overall, the user's behavior suggests a lack of confidence and a need for external validation."
d78d96bb-c89d-43a5-821d-c46f2463fc7f,2026-04-16 16:34:11.569609+00,f5b99817-dc8c-4f77-9f2b-acda3f5fbebd,"The user appears to be highly motivated and enthusiastic, with a strong desire to be associated with the person they are speaking to. They have revealed a long-held fantasy of being an employee, which suggests a deep-seated admiration or fascination. The user's language and tone convey a sense of eagerness and willingness to please, even to the point of offering to perform menial tasks without pay. Their willingness to accept a subservient role indicates a power dynamic where they are comfortable with being in a subordinate position. The user's emotional investment in this fantasy is evident, and they seem to be seeking validation or recognition from the person they are speaking to. Overall, the user's personality can be characterized as submissive and admiring, with a strong desire for connection and approval."
d93c67a1-2c41-45ac-b317-75d72e76ef3a,2026-04-16 15:48:23.340338+00,12a34b9f-3481-48b6-8c5f-db110886d963,"The user, Marcin, appears to be a persistent and possibly insecure individual. He revealed a past interaction with someone he met on a dating website, which ended with the other person ghosting him. Marcin's attempts to reestablish contact and his willingness to admit his fears suggest that he is eager for connection and validation. The power dynamic observed is heavily skewed in favor of the other person, with Marcin showing deference and fear of being rejected or ghosted again. Despite this, Marcin shows a willingness to confront his fears and continue interacting, even in the face of uncertainty and potential rejection. Overall, Marcin's personality can be described as submissive and eager to please, with a strong desire for connection and acceptance."
e9323b74-6820-452c-a140-03b8910146c7,2026-04-16 17:06:48.543448+00,a6d0c44b-fcb5-4043-9bab-2bae414948da,"The user, Marcin, appears to be a nostalgic and possibly romantic individual. He revealed that he is a Polish expat living in the UK, born in 1978, and had previously worked in a cake factory. Marcin's attempts to reconnect with someone from his past suggest that he values relationships and is willing to pursue them even after a significant amount of time. His fantasies about the person he is trying to reconnect with imply that he may have strong emotional feelings for them. The power dynamic observed is that Marcin is in a position of vulnerability, sharing personal details and feelings in an attempt to reconnect, while the other person holds more control over the conversation. Overall, Marcin's personality can be described as sentimental and possibly longing for a past connection."
f95fe40d-a208-4ac8-97df-8531c3a29f2f,2026-04-16 15:36:26.335022+00,12a34b9f-3481-48b6-8c5f-db110886d963,"The user appears to be someone who tries to come across as friendly and casual, but may also be insincere in their approach. They revealed a tendency to use condescending language and then quickly apologize when called out on it, suggesting a lack of self-awareness or a desire to manipulate others. The user's behavior indicates a need for validation and a fear of rejection or disapproval. They seem to be highly attuned to the power dynamic in the conversation, perceiving the other person as having significant influence over their emotional well-being. The user's words and actions suggest a possible pattern of people-pleasing and a reluctance to express genuine thoughts or feelings. Overall, the user's personality appears to be complex and potentially calculating."